uid,name,longitude,latitude,free_bikes,empty_slots
7303,Queen St E / Woodward Ave,-79.319796,43.665269,17,1
7301,Primrose Ave / Davenport Rd,-79.445947,43.67142,14,1
7309,Queen St. E / Rhodes Ave.,-79.317693,43.666224,3,20
7045,Bond St / Queen St E,-79.376716,43.653236,11,14
7044,Church St / Alexander St,-79.380288,43.663722,7,8
7047,University Ave / Gerrard St W (East Side),-79.389165,43.657763,16,9
7041,Edward St / Yonge St,-79.382736,43.656729,17,5
7040,Euclid Ave / Bloor St W,-79.414783,43.664467,5,14
7128,Yonge St / Aylmer Ave,-79.388858,43.675492,10,5
7129,Davenport Rd / Avenue Rd,-79.396273,43.674991,1,10
7126,Yonge St / Yorkville Ave,-79.387778,43.671944,2,15
7124,Dundas St E / Broadview Ave,-79.351104,43.662365,8,9
7048,Front St W / Yonge St (Hockey Hall of Fame),-79.377962,43.646144,43,4
7120,Gerrard St E / River St,-79.358534,43.663993,9,1
7121,Jarvis St / Dundas St E,-79.374756,43.657266,3,22
7346,Logan Av / Gerrard St E,-79.3452697,43.6672144,10,5
7347,Regal Rd / Dufferin St,-79.441159,43.673939,4,11
7342,Morse St / Eastern Ave,-79.340075,43.657991,5,6
7343,Alton Ave / Dundas St E (Greenwood Park),-79.329408,43.66745,17,6
7340,Blake St / Boultbee Ave,-79.338259,43.672453,2,13
7341,Eastern Ave / Winnifred Ave,-79.3348396,43.6592088,12,2
7349,Gamble Ave / Broadview Ave,-79.35438,43.689211,5,18
7269,Toronto Eaton Centre (Yonge St),-79.380653,43.655431,5,7
7268,111 Bond St (North of Dundas St E)  - SMART,-79.378497,43.656927,9,7
7265,Wallace Ave / Symington Ave - SMART,-79.449534,43.661324,10,2
7267,Dundas St E / Pembroke St - SMART,-79.372346,43.658295,1,15
7266,Victoria Park Subway Station - SMART,-79.2889842,43.6940155,16,4
7262,Wychwood Ave / Benson Ave - SMART,-79.4229684,43.6809164,6,10
7379,Lawton Blvd / Yonge St,-79.39535,43.6910667,9,3
7378,Yonge St / Davisville Ave,-79.39654,43.6975969,1,14
7000,Fort York  Blvd / Capreol Ct,-79.395954,43.639832,6,25
7003,Madison Ave / Bloor St W,-79.402761,43.667158,3,12
7002,St. George St / Bloor St W,-79.399429,43.667333,8,9
7005,King St W / York St,-79.383177,43.6480008,16,7
7004,University Ave / Elm St,-79.389099,43.656518,1,10
7007,College St / Huron St,-79.398167,43.658148,4,14
7279,Rosehill Ave / Avoca Ave - SMART,-79.38906,43.687999,6,9
7175,HTO Park (Queens Quay W),-79.387502,43.63796,1,25
7174,Bloor St W / Dundas St W,-79.45166666666667,43.6563889,14,1
7176,Bathurst St / Fort York Blvd,-79.399595,43.639179,10,9
7171,Ontario Place Blvd / Lake Shore Blvd W,-79.4108105,43.6322445,10,17
7170,Spadina Ave / Willcocks St,-79.40138888888889,43.6616667,6,9
7173,Cariboo St / Rail Path,-79.45833333333334,43.66666667,6,13
7178,Dundas St W / Edna Ave,-79.452559,43.657192,4,10
7078,College St / Major St,-79.4032,43.6576,9,6
7079,McGill St / Church St,-79.379052,43.660694,5,12
7075,Queens Quay W / Dan Leckie Way,-79.395854,43.636533,24,2
7076,York St / Queens Quay W,-79.380464,43.640132,31,23
7077,College Park South,-79.382767,43.659777,6,13
7070,25 York St â€“ Union Station South,-79.380414,43.643667,7,3
7071,161 Bleecker St (South of Wellesley),-79.373327,43.666233,11,12
7073,Spadina Ave / Fort York Blvd,-79.393249,43.640114,4,15
7188,Exhibition GO (Atlantic Ave),-79.4197222222222,43.6366666666667,18,5
7189,Augusta Ave / Denison Sq,-79.4016759,43.653766,9,5
7180,Lansdowne Subway Station,-79.443054,43.6587734,9,14
7181,Lansdowne Ave / Whytock Ave,-79.4413888888889,43.6538888888889,7,8
7182,Sterling Rd / Dundas St W,-79.4430555555556,43.6508333333333,3,15
7183,St Clarens Ave / College St,-79.43868,43.651238,11,3
7184,Ossington Ave / College St,-79.422634,43.6544915,7,4
7221,High Park Subway Station,-79.4655296,43.6543604,10,1
7220,Lake Shore Blvd W / Ellis Ave,-79.465083,43.635932,8,10
7223,Parkside Dr / Bloor St W - SMART,-79.460053,43.654501,9,2
7222,Sunnyside - Gus Ryder Pool,-79.454823,43.637894,20,7
7225,Lake Shore Blvd W / Windermere Ave,-79.467763,43.634896,8,10
7224,Bloor St W / High Park Ave (High Park),-79.4650569,43.6535269,16,7
7227,Martin Goodman Trail (Marilyn Bell Park),-79.4304,43.6314,15,16
7226,Lake Shore Blvd W / The Boulevard Club,-79.444966,43.636731,8,11
7229,Dundas St W / Roncesvalles Green P - SMART,-79.4512787,43.6534268,3,9
7380,Erskine Ave / Yonge St SMART,-79.39894,43.7112153,4,12
7386,D'Arcy St / McCaul St - SMART,-79.39201,43.655227,10,5
7387,Mortimer Ave / Carlaw Ave SMART,-79.34962,43.685167,3,9
7384,Cumberland Ave / Bay St SMART,-79.39014,43.6704537,4,5
7385,20 Charles St E,-79.38551,43.6691099,2,19
7122,Niagara St / Tecumseth St,-79.404444,43.641389,2,12
7123,424 Wellington St W,-79.396649,43.643834,4,11
7257,Dundas St W / St. Patrick St,-79.3895315,43.6545174,16,3
7252,Robert St / Bloor St W - SMART,-79.404998,43.665846,1,16
7253,John St  / Mercer St - SMART,-79.3895,43.6461,5,7
7315,Queen St E / Hammersmith Ave,-79.29451,43.671349,5,6
7314,Queen St. E / Eastern Ave,-79.312315,43.667208,6,9
7317,Hubbard Blvd / Balsam Av,-79.288949,43.669328,14,5
7316,Queen St. E / Spruce Hill Rd.,-79.289,43.672571,14,1
7259,Lower Spadina Ave / Lake Shore Blvd,-79.39192,43.638497,19,0
7313,Coxwell Ave /  Lake Shore Blvd E,-79.315223,43.662771,6,9
7312,Amelia St. / Sumach St.,-79.363525,43.66852,5,6
7032,Augusta Ave / Dundas St W,-79.401456,43.652473,7,7
7035,Queen St W / Ossington Ave,-79.419576,43.643975,8,15
7036,Trinity St /Front St E,-79.36023,43.651318,13,6
7038,Dundas St W / Yonge St,-79.381484,43.656094,5,8
7132,Kendal Ave / Spadina Rd,-79.405181,43.670318,2,7
7137,Davenport Rd / Bathurst St,-79.416111,43.676667,24,3
7136,Queen St W / Close Ave,-79.435841,43.640634,2,21
7148,King St W / Joe Shuster Way,-79.423611,43.639444,15,0
7149,Yarmouth Rd / Christie St,-79.42083333333333,43.67,3,8
7144,Palmerston Ave / Vermont Ave,-79.416389,43.671389,1,14
7146,Christie St / Benson Ave (Wychwood Barns),-79.42500000000001,43.68,3,16
7147,King St W / Fraser Ave,-79.42527777777778,43.6394444,9,6
7140,Macpherson Ave / Spadina Rd,-79.40698,43.675791,3,12
7141,Bridgeman Ave / Kendal Ave,-79.410278,43.675556,7,7
7142,Bridgeman Ave / Bathurst St,-79.414722,43.674444,7,7
7143,Kendal Ave / Bernard Ave,-79.408317,43.671513,3,11
7351,Pretoria Av / Broadview Av,-79.35822,43.6783213,3,16
7350,Broadview Ave / Westwood Ave,-79.356602,43.6848652,4,19
7353,Fulton Ave / Pape Ave,-79.347046,43.68395,4,15
7352,Cosburn Ave / Donlands Ave,-79.341307,43.690537,3,16
7355,Beltline Trail / Chaplin Cres.,-79.423122,43.704461,8,7
7357,Lake Shore Blvd E / Leslie St,-79.329196,43.659195,16,3
7356,King St E / Berkeley St,-79.3649,43.651885,15,2
7359,Rosedale Park (20 Schofield Ave),-79.377557,43.682645,12,11
7210,Mary McCormick Rec Centre (Sheridan Ave),-79.43305555555555,43.6475,8,6
7217,Soho St / Queen St W,-79.393535,43.6494896,3,4
7326,Davenport Rd / Lansdowne Ave,-79.44874,43.671526,10,8
7320,Front St W / University Ave (1),-79.3831757,43.6451635,15,3
7321,Front St W / University Ave (2),-79.3827914,43.6452972,10,8
7323,457 King St W,-79.3960744,43.6452091,16,3
7150,Dufferin St / Sylvan Av (Dufferin Grove Park),-79.43361111111112,43.6555556,17,2
7328,Roxborough St W / Yonge St,-79.390328,43.678077,12,5
7329,Crawford St / Queen St W,-79.415345,43.645665,14,4
7368,Lisgar St / Dundas St W - SMART,-79.42668,43.6493472,3,4
7369,Dupont St / Emerson Ave SMART,-79.443946,43.667266,3,13
7100,Dundas St E / Regent Park Blvd,-79.361275,43.660207,1,24
7101,Lower Sherbourne St / The Esplanade,-79.367061,43.648655,15,12
7102,Nelson St / Duncan St,-79.389728,43.648711,27,4
7103,Jimmie Simpson Park (Queen St E),-79.3437663,43.6605603,13,1
7105,Queen St E / Sackville St,-79.36138888888888,43.6561111,10,4
7106,Mill St / Tannery Rd,-79.354455,43.652219,14,25
7107,Cherry St / Distillery Ln,-79.356832,43.650279,4,11
7108,Front St E / Cherry St,-79.358395,43.652686,3,12
7069,Queen St W / Spadina Ave,-79.395504,43.649147,6,3
7067,Yonge St / Harbour St,-79.375413,43.643795,12,26
7066,Willcocks St / St. George St,-79.397735,43.662085,8,8
7065,Dundas St E / Parliament St,-79.365769,43.659575,14,0
7064,51 Parliament St,-79.362198,43.65205,15,4
7063,Queen's Park / Bloor St W,-79.393899,43.668456,5,14
7366,Fort York Blvd / Bathurst St SMART,-79.399792,43.639052,13,7
7367,Alma Ave / Gladstone Ave SMART,-79.42822,43.6448617,3,12
7199,College St / Markham St,-79.4091666666667,43.6563888888889,2,16
7198,Queen St W / Cowan Ave,-79.432837,43.6409,5,14
7193,Queen St W / Gladstone Ave,-79.4275,43.6430555555556,8,14
7192,Harbord St / Clinton St,-79.415646,43.660414,1,14
7191,Central Tech  (Harbord St),-79.407896,43.661975,1,8
7196,Roxton Rd / Harbord St,-79.422988,43.65905,1,10
7195,Ulster St / Bathurst St,-79.4088888888889,43.66,4,7
7194,Mortimer Ave / Coxwell Ave,-79.326319,43.690564,1,22
7392,Woodbine Subway Green P SMART,-79.311073,43.686829,4,16
7083,Danforth Ave / Barrington Ave,-79.300463,43.688325,3,12
7441,Pacific Ave / Glenlake Ave,-79.46478,43.65716,19,8
7086,High Park - West Rd,-79.4654233,43.6525077,15,7
7388,Broadview Ave / Danforth Ave,-79.35858,43.6772,2,13
7089,Church St  / Wood St,-79.379903,43.662712,7,11
7389,College Park - Gerrard Entrance,-79.383518,43.658938,7,18
7088,Danforth Ave / Coxwell Ave,-79.322961,43.683378,9,5
7383,12 Harbour St,-79.3762,43.6425636,10,4
7247,Howard Park Ave / Dundas St W - SMART,-79.4486,43.6521,10,2
7246,Yonge St / Bloor St,-79.386532,43.669969,1,12
7244,Dufferin Gate - SMART,-79.425679,43.633473,14,2
7242,Lake Shore Blvd W / Ontario Dr,-79.420317,43.630254,12,21
7240,Bloor St W / Shaw Ave - SMART,-79.423098,43.662403,5,28
7360,Concord Av / Dewson St,-79.424911,43.656945,0,16
7361,Hocken Ave / Vaughan Rd,-79.4184725,43.6817346,2,17
7362,St Clair Ave W / Bathurst St.,-79.418734,43.683296,11,8
7364,Queen St E / Nursewood Rd,-79.281455,43.673831,13,5
7365,Kew Beach Ave / Kenilworth Ave,-79.3014,43.666325,20,3
7249,Dovercourt Rd / Harrison St (Green P) - SMART,-79.423742,43.651145,1,10
7248,Baldwin Ave / Spadina Ave - SMART,-79.398448,43.654905,5,15
7432,Frederick St / King St E,-79.369411,43.651118,9,13
7023,College St / Borden St,-79.4056,43.6571,8,3
7020,Phoebe St / Spadina Ave,-79.396555,43.650033,23,10
7027,Beverley  St / Dundas St W,-79.393388,43.652823,23,6
7026,Bay St / St. Joseph St,-79.387499,43.665527,5,8
7028,Gould St / Mutual St,-79.3768,43.6582,27,4
7097,Riverdale Park North (Broadview Ave),-79.354704,43.671172,1,14
7095,Danforth Ave / Ellerbeck St,-79.35667,43.677076,3,11
7092,Pape Subway Green P,-79.344062,43.680223,7,8
7093,Danforth Ave / Gough Ave,-79.346289,43.678401,6,11
7090,Danforth Ave / Lamb Ave,-79.329455,43.681991,3,16
7158,King St W / Stafford St,-79.41111111111111,43.6422222,6,7
7155,Bathurst St / Lennox St,-79.410491,43.663808,4,15
7154,Bathurst Subway Station,-79.41166666666668,43.6666667,17,4
7153,Bloor St W / Christie St,-79.41888888888889,43.6638889,6,11
7152,Ossington Ave / Bloor St W,-79.425734,43.661705,0,11
7151,Essex St / Christie St - SMART,-79.42027777777778,43.6686111,8,11
7296,Westmoreland Ave / Fernbank Ave,-79.43235,43.665327,5,14
7297,Havelock St / Dufferin Park,-79.43112,43.657343,14,5
7298,Bathurst St / Adelaide St W,-79.40345,43.645324,10,13
7299,Mill St / Parliament St,-79.36163,43.650256,7,8
7209,Ossington Ave / Harrison St,-79.4213888888889,43.651111111111106,10,8
7208,80 Clinton St (North of College),-79.414663,43.656296,7,7
7207,Dundas St W / Crawford St,-79.416944,43.649722,8,15
7206,Claremont St / Dundas St W,-79.411717,43.651281,11,1
7205,Rusholme Park Cres / College St,-79.42972222,43.65277778,12,2
7204,College St / Crawford St,-79.418889,43.655,15,4
7337,Gerrard Square Mall (1010 Gerrard St E),-79.338673,43.668553,14,5
7336,Queen St E / Alton Av,-79.327987,43.663912,14,5
7334,Simcoe St / Wellington St W North,-79.3855048,43.6462176,9,5
7331,Coxwell Ave / Plains Rd,-79.328535,43.69595,2,17
7339,Carlaw Ave / Strathcona Ave,-79.3462789,43.6753188,3,12
7338,Logan Ave / Bain Ave,-79.3470557,43.6720273,9,1
7112,Liberty St / Fraser Ave Green P,-79.424146,43.637981,16,3
7111,King St W / Douro St,-79.416379,43.640885,4,7
7110,Queen St E / Berkeley St,-79.36583333333333,43.6552778,7,7
7115,Howard St / Sherbourne St,-79.376367,43.6712581,7,7
7114,Carlton St / Parliament St,-79.36793,43.664524,0,14
7119,Sumach St / Carlton St. (Riverdale Farm),-79.362506,43.665867,13,2
7118,King St W / Bay St (East Side),-79.380042,43.648575,17,2
7059,Front St W / Blue Jays Way,-79.390477,43.643473,1,13
7053,Metro Hall Plaza,-79.38783,43.645859,22,5
7056,Parliament St / Gerrard St,-79.3656796,43.662132,12,11
7054,Navy Wharf Ct. / Bremner Blvd.,-79.391051,43.640722,3,8
7055,Jarvis St / Carlton St,-79.37617,43.66207,4,11
7319,Lake Shore Blvd E / Knox Ave,-79.3244,43.660206,5,5
7318,Hubbard Blvd. / Glen Manor Dr.,-79.291162,43.668633,6,9
7272,Yonge St / Dundonald St - SMART,-79.384796,43.665801,8,4
7273,Bay St / Charles St W - SMART,-79.38891,43.668153,8,12
7270,Church St / Dundas St E - SMART,-79.377257,43.657024,3,11
7271,Yonge St / Alexander St - SMART,-79.383572,43.662862,13,5
7275,Queen St W / James St,-79.380701,43.652276,6,5
7371,Eglinton Ave W / Henning Ave SMART,-79.40161,43.7063473,2,17
7377,Balliol St / Yonge St  SMART,-79.39419,43.6978701,3,16
7376,Frobisher Ave / Lascelles Blvd,-79.40045,43.696708,15,3
7375,Front St E / Scott St,-79.37549,43.6476616,4,4
7374,Frederick St / The Esplanade,-79.36839,43.6487245,15,4
7098,Riverdale Park South (Broadview Ave),-79.35347,43.667819,12,3
7014,Sherbourne St / Carlton St (Allan Gardens),-79.373181,43.663102,10,6
7015,King St W / Bay St (West Side),-79.380576,43.64852,18,20
7012,Elizabeth St / Edward St (Bus Terminal),-79.385327,43.656026,4,10
7010,King St W / Spadina Ave,-79.395003,43.645323,12,4
7139,Glen Edyth Dr / Davenport Rd,-79.405556,43.677778,3,10
7168,Queens Quay / Yonge St,-79.375308,43.641646,2,29
7169,Front St W / Bay St (North Side),-79.378912,43.646162,3,7
7085,Danforth Ave / Westlake Ave,-79.304848,43.687323,1,14
7031,Jarvis St / Isabella St,-79.379385,43.668991,9,13
7163,Yonge St / Wood St,-79.3825,43.6622222,8,7
7160,King St W / Tecumseth St,-79.40555555555557,43.64333333333333,2,15
7161,Beverley St / College St,-79.39527777777778,43.6575,2,21
7164,Gould St / Yonge St (Ryerson University),-79.381019,43.657424,3,19
7283,Front St W / Bay St (South Side),-79.378761,43.64595,9,9
7281,Charles St W / Balmuto St - SMART,-79.38725,43.668427,3,16
7280,Charles St E / Jarvis St - SMART,-79.381171,43.669604,5,15
7287,Queen St E / Pape Ave - SMART,-79.337789,43.661673,15,1
7286,Gerrard St E / Broadview - SMART,-79.352055,43.665656,13,3
7289,Humber Bay Shores Park East,-79.4722622,43.6308933,14,7
7288,Humber Bay Shores Park West,-79.480284,43.6224434,19,12
7131,Taddle Creek Park,-79.398443,43.66986,3,12
7236,Thompson St / Broadview Ave - SMART,-79.350325,43.659471,10,2
7234,Roncesvalles Ave / Marmaduke St,-79.450842,43.650492,7,12
7232,Queen St W  /  Fuller Ave - SMART,-79.439223,43.640255,9,7
7233,King / Cowan Ave - SMART,-79.431734,43.637922,6,10
7230,Garden Ave / Roncesvalles Ave,-79.447915,43.643769,15,3
7238,Sorauren Ave / Geoffrey St - SMART,-79.4445087,43.649172,2,14
7239,Bloor St W / Manning Ave - SMART,-79.416124,43.663912,6,14
7057,Simcoe St / Wellington St W South,-79.3853654,43.6458569,25,2
7278,Mallon Ave / Jones Ave -SMART,-79.33443,43.66587,5,11
7508,Berkeley St / Dundas St E - SMART,-79.367318,43.658816,8,10
7497,128 Sterling Rd - SMART,-79.444792,43.654004,8,12
7496,Sunnyside Ave / The Queensway - SMART,-79.44865,43.6397,12,7
7493,Sackville St / Eastern Ave - SMART,-79.3595,43.653809,8,4
7494,Davenport Rd / McAlpine St - SMART,-79.391253,43.673768,1,11
7489,Sumach St  / Queen St E,-79.358749,43.656638,3,16
7485,Blythwood Rd / Yonge St - SMART,-79.399993,43.716652,1,13
7486,Gerrard St E / Main St,-79.299332,43.684261,5,17
7483,Southwood Dr / Kingston Rd - SMART,-79.297974,43.678685,0,11
7480,Neil McLellan Park,-79.47779,43.65143,5,9
7479,Jane St / Bloor St W (Jane Subway Station),-79.48477,43.64976,7,8
7477,Antler St / Campbell Ave - SMART,-79.449066,43.664182,11,9
7474,Clarence Square,-79.3929,43.64407,5,18
7471,Lake Shore Blvd W / Louisa St,-79.48674,43.61868,10,5
7468,Front St W / Simcoe St,-79.38702,43.6442,14,2
7467,Lower Simcoe St / Bremner Blvd,-79.38409,43.64283,11,3
7466,Glendonwynne Ave / Bloor St W,-79.47421,43.65182,12,7
7465,Russell Hill Rd / St Clair Ave W,-79.408019,43.685569,9,10
7458,Church St / Lombard St,-79.375233,43.651678,5,11
7462,Richmond St E / Yonge St,-79.378743,43.651838,8,7
7461,High Park Amphitheatre,-79.464366,43.645653,7,15
7457,Queen's Park Cres W / Hoskin Ave,-79.394009,43.665221,16,5
7454,Pottery Rd / Lower Don River Trail,-79.362101,43.688148,1,14
7452,Bleecker St / St James Ave,-79.374495,43.669232,4,19
7451,Western Battery Rd / Pirandello St,-79.414156,43.640075,5,26
7450,Carlaw Ave / Danforth Ave,-79.347346,43.678285,8,7
7449,Cosburn Ave / Cedarvale Ave,-79.31469,43.697139,6,9
7448,Goodwood Park Ct / Dentonia Park,-79.295208,43.694826,4,15
7445,Eastwood Rd / Coxwell Ave,-79.318651,43.673118,13,6
7447,Trent Ave / Danforth Ave,-79.295895,43.689293,8,15
7446,Orchard Park,-79.3149,43.66908,12,6
7444,Clendenan Ave / Rowland St - SMART,-79.47149,43.66073,3,17
7440,Martin Goodman Trail / Remembrance Dr,-79.41414,43.63121,7,20
7437,Concord Ave / Bloor St W,-79.42679,43.66189,13,2
7438,High Park Subway,-79.4675,43.65389,9,10
7434,Via Italia / Mackay Ave,-79.445029,43.676697,8,7
7435,Rushton Rd / St Clair Ave W,-79.4277,43.68114,5,5
7433,Dundas St E / Boulton Ave - SMART,-79.347938,43.663148,8,8
7431,Gerrard St E / Leslie St,-79.3335,43.669813,23,0
7430,Marilyn Bell Park Tennis Court,-79.437461,43.633537,5,21
7427,Northern Dancer Blvd / Lake Shore Blvd E,-79.309765,43.663162,12,15
7425,The Queensway at South Kingsway,-79.47307,43.63632,15,7
7424,Merton St / Mount Pleasant Rd,-79.38786,43.697819,4,19
7422,Tyndall Ave / King St W - SMART,-79.429142,43.638426,6,9
7418,College Park - Yonge St Entrance,-79.38279,43.65988,3,21
7419,Bloor St W / Huron St,-79.401805,43.667023,10,16
7420,Barton St / Howland St - SMART,-79.410585,43.66842,7,12
7414,Keele St / Annette St,-79.46418,43.66402,5,10
7415,Keele St / Vine Ave,-79.46526,43.66686,19,4
7410,Howard St / Rose Ave,-79.372127,43.671278,1,18
7411,Little Norway Park,-79.399505,43.635023,15,6
7409,Isabella St / Church St,-79.38235,43.66834,15,4
7408,University Ave / Armoury St,-79.38766,43.65263,13,9
7407,University Ave / Queen St W,-79.38655,43.65158,22,0
7403,Lascelles Blvd / Eglinton Ave W,-79.40355,43.70547,9,10
7400,Polson Pier,-79.354006,43.641675,20,3
7395,Dentonia Park,-79.291416,43.694341,1,22
7399,Lower Jarvis / Queens Quay E,-79.36927,43.64422,18,0
7488,Summerhill Ave / Maclennan Ave,-79.376304,43.685924,3,8
7261,Queens Quay E / Lower Sherbourne St,-79.364898,43.645215,19,6
7463,Adelaide St W / Brant St,-79.3973381,43.6462574,11,5
7231,Wright Ave / Sorauren Ave - SMART,-79.442741,43.646677,3,13
7478,Ellis Ave / The Queensway,-79.46693,43.63855,3,16
7084,High Park - Grenadier Cafe,-79.4657123,43.645599,6,5
7302,Winona Dr / Davenport Rd,-79.430465,43.674923,4,7
7087,Danforth Ave / Aldridge Ave,-79.316767,43.684758,6,5
7024,Dundonald St / Church St,-79.38148,43.66663,10,25
7503,Gerrard St E / Malvern Ave - SMART,-79.294766,43.685221,13,7
7203,Bathurst St/Queens Quay(Billy Bishop Airport),-79.398253,43.635492,34,1
7043,Queens Quay W / Lower Simcoe St,-79.383717,43.63951,9,8
7018,Bremner Blvd / Rees St,-79.386741,43.641529,6,17
7412,King St W / Crawford St,-79.4131148,43.6417852,5,17
7391,Yonge St / Dundas Sq,-79.3802,43.655766,18,7
7459,St Clair Ave W / Winona Ave,-79.432522,43.680466,6,5
7030,Bay St / Wellesley St W,-79.387095,43.664088,24,27
7501,Humberside Grounds - SMART,-79.46997,43.65917,9,11
7264,Bloor St E / Huntley St - SMART,-79.379173,43.671535,1,14
7469,Wellington St W / York St,-79.38301,43.646734,7,15
7061,Dalton Rd / Bloor St W,-79.4066433,43.6662942,8,7
7138,Davenport Rd / Christie St,-79.423889,43.675278,10,17
7417,King St W / Jordan St,-79.378623,43.648928,5,6
7373,George St / King St E,-79.3707,43.6509552,12,3
7455,E.T. Seton Park (Eglinton Ave E / Leslie St),-79.351246,43.715951,23,4
7428,Woodbine Ave / Lake Shore Blvd E,-79.304711,43.665645,12,15
7324,King St W / Charlotte St,-79.39399,43.645572,17,2
7475,Jarvis St / Richmond St E,-79.372637,43.652777,2,17
7476,Symington Ave / Dupont St,-79.451263,43.665538,7,8
7009,King St E / Jarvis St,-79.372287,43.650325,9,16
7029,Bay St / Bloor St W (East Side),-79.38915,43.66943,7,7
7335,Bay St / Bloor St W (West Side),-79.3894,43.669244,1,18
7442,Lonsdale Rd / Spadina Rd,-79.412903,43.688526,6,9
7363,Wells Hill Ave / St Clair Ave W,-79.41562,43.683351,3,12
7443,Dundas St E / George St,-79.373446,43.6574766,3,22
7072,Fleet St / Bathurst St,-79.400042,43.636611,13,5
7245,Tecumseth St / Queen St W - SMART,-79.406468,43.646552,4,3
7052,Wellington St W / Bay St,-79.379878,43.647259,17,9
7484,Briar Hill Ave / Yonge St - SMART,-79.400162,43.713524,7,9
7074,King St E / Church St,-79.3733541,43.65003919999999,14,1
7021,Bay St / Albert St,-79.382458,43.653264,26,9
7008,Wellesley St / Queen's Park Cres,-79.392125,43.663376,7,11
7006,Bay St / College St (East Side),-79.385525,43.660439,8,9
7062,University Ave / College St (West),-79.390213,43.659226,5,6
7502,University Ave / College St (East),-79.38964,43.65995,1,12
7274,Queen's Park Cres E / Grosvenor St - SMART,-79.389682,43.661803,4,7
7235,Bay St / College St (West Side) - SMART,-79.385655,43.660087,3,9
7516,Superior Ave / Lake Shore Blvd W,-79.4873148,43.6146692,8,9
7514,Humber Bay Shores Park / Marine Parade Dr,-79.476723,43.626265,27,4
7518,Lake Shore Blvd W / Colborne Lodge Dr,-79.458173,43.63771,15,11
7517,Ripley Ave / Ormskirk Ave,-79.4760109,43.6390437,14,9
7520,St Clarens Ave / Shirley Ave,-79.4376413,43.6486599,1,13
7524,Lisgar Park,-79.4240277,43.6423847,6,16
7526,Bartlett Parkette,-79.4360232,43.6702236,20,3
7528,Spadina Rd / Austin Terrace,-79.408723,43.67883,4,13
7530,Sherbourne St N / Elm Ave,-79.3778458,43.6752732,8,14
7534,Walnut Ave / Queen St W,-79.411084,43.645469,7,9
7538,Vaughan Rd /Wychwood Ave,-79.4253856,43.6882821,11,8
7536,Palmerston Ave / Dundas St W,-79.408346,43.651603,7,15
7531,541 Huron St - SMART,-79.402643,43.670206,6,13
7537,Euclid Ave / Herrick St - SMART,-79.413845,43.661559,7,8
7545,Baldwin St / Henry St,-79.393259,43.6560758,2,13
7547,Orde St / McCaul St,-79.3927404,43.6580442,6,9
7546,Ross St / Cecil St - SMART,-79.3966159,43.6568254,15,3
7552,Lake Shore Blvd W / Thirty Ninth Street,-79.54033009999999,43.5927419,8,11
7553,Lake Shore Blvd W / Twenty Fourth St,-79.522768,43.597082,7,12
7556,Windsor St / Newcastle St,-79.4971065,43.6171635,4,27
7555,Royal York Rd / Mimico Ave,-79.496573,43.612063,6,14
7558,Berry Rd / Bell Manor Dr,-79.489083,43.63732,6,13
7554,Humber College,-79.5160575,43.5961692,17,10
7515,Amos Waites Park,-79.4883535,43.613606,10,17
7562,Priscilla  Ave / Dundas St W,-79.489385,43.664665,4,19
7564,Durie St / Dundas St W,-79.484892,43.665523,16,7
7563,St Clair Ave W / Castleton Ave,-79.485426,43.668496,15,4
7567,Weston Lions Park,-79.519472,43.698841,5,22
7561,Annette St / Jane St,-79.487246,43.658574,6,9
7568,Jameson Ave / Queen St W,-79.43703,43.63985,10,17
7570,Carlaw Ave / Dundas St E,-79.341509,43.665076,7,10
7569,Toronto Inukshuk Park,-79.40978179999999,43.6323994,29,16
7572,Cosburn Ave / Durant Ave,-79.3301658,43.6935477,2,13
7559,Swansea Community Centre,-79.4770327,43.6438036,11,4
7541,Bellwoods Ave / Treford Pl - SMART,-79.413528,43.65246,4,16
7575,Bayview Ave / Lawren Harris Square,-79.35397680000001,43.6548521,8,6
7557,The Queensway / High St,-79.482407,43.630874,19,3
7529,Symington Ave / Davenport Rd,-79.45328549999999,43.6704403,11,4
7576,Front St E / Bayview Avenue,-79.354068,43.6535,8,14
7577,Oak St / Sumach St,-79.361515,43.6617908,18,9
7551,The Esplanade / Hahn Pl,-79.364184,43.649709,4,14
7549,439 Sherbourne St,-79.374161,43.666051,2,43
7579,Glebe Rd W / Yonge St,-79.397345,43.7005976,8,11
7580,Hillsdale Ave W / Yonge St,-79.3979073,43.7029672,8,7
7540,Alvin Ave / St Clair Ave E,-79.39264,43.68871,4,15
7583,Eglinton Ave W / Scarlett Rd,-79.5108942,43.6834703,4,18
7584,The Pond Rd / Sentinel Rd,-79.5025943,43.7696262,11,16
7585,Sentinel Rd / Finch Hydro Corridor,-79.5012809,43.7641485,10,17
7586,Finch West Subway Station,-79.491281,43.76521,12,11
7587,Dufferin St / Finch Hydro Recreational Trail,-79.4675395,43.7724019,8,11
7588,G Ross Lord Park,-79.467963,43.7781116,9,22
7591,Elwood Blvd / Avenue Rd,-79.40966,43.707049,14,9
7593,Roehampton St / Bayview Ave,-79.378615,43.711751,17,13
7598,Teddington Park Ave,-79.40401,43.732975,0,14
7600,Ursula Franklin St / Huron St - SMART,-79.398049,43.660274,7,13
7602,Woodbine Ave / O'Connor Dr,-79.318802,43.699281,9,10
7603,O'Connor Dr / Curity Ave - SMART,-79.311439,43.707582,7,17
7606,Dawes Rd / Taylor Creek Trl,-79.297436,43.696631,10,9
7542,Queen St W / John St,-79.391291,43.650077,13,9
7607,Fairmount Park,-79.3163022,43.6765897,14,5
7599,Richmond St W / York St,-79.383633,43.650745,1,15
7609,Sunnybrook Park,-79.362092,43.720233,21,6
7618,Vaughan Rd / Oakwood Ave,-79.441042,43.6926825,14,5
7619,Braemar Ave / Eglinton Ave W,-79.4094472,43.7041957,5,9
7620,Eglinton Ave E / Redpath Ave,-79.39248,43.7078691,3,12
7621,Long Branch GO Station,-79.545827,43.591561,13,20
7622,Marie Curtis Park,-79.5432067,43.5880774,8,15
7624,Guildwood GO Station (South),-79.1971289,43.754978,1,10
7277,Chorley Park - SMART,-79.3718,43.6856,3,17
7344,Cherry Beach,-79.345359,43.637764,3,46
7285,Spadina Ave / Harbord St - SMART,-79.4018451,43.6629228,20,15
7250,Ursula Franklin St / St. George St - SMART,-79.397107,43.660296,0,16
7617,Starspray Ave / Lawrence Ave E,-79.123505,43.788319,14,8
7626,Rouge Hill GO Station,-79.1301203,43.7805505,3,22
7615,Colonel Danforth Park,-79.1659711,43.7777114,14,13
7614,Morningside Park (Highland Creek Trail),-79.193023,43.779353,4,19
7612,Livingston Rd / Guildwood Pkwy,-79.199327,43.747854,6,13
7613,Livingston Rd (Highland Creek Trail),-79.2026694,43.7561681,12,15
7630,Twelfth St / Thirteenth St,-79.5108692,43.6002896,11,12
7631,Florence Gell Park,-79.498398,43.6615467,5,10
7522,Wallace Ave / Pauline Ave,-79.4397052,43.6632257,10,7
7610,Kingston Rd / Beech Ave,-79.291714,43.680095,4,10
7611,Victoria Park Ave / Danforth Ave,-79.288619,43.691468,1,16
7033,Union Station,-79.380386,43.645609,20,20
7162,Hayter St / Laplante Ave,-79.3855555555556,43.6591666666667,7,16
7109,Seaton St / Dundas St E - SMART,-79.369596,43.658777,14,18
7629,Lundy Ave / Etienne Brule Park,-79.5030161,43.6625395,10,5
7632,Chiltern Hill Rd / Eglinton Ave W,-79.4275305,43.7004017,14,3
7589,Torresdale Ave / Antibes Dr,-79.45233,43.77953,9,6
7590,Esther Shiner Stadium,-79.4447096,43.7774374,5,18
7190,St. George St / Hoskin Ave,-79.39806449999999,43.6637403,5,10
7594,Fleming Cres / Bayview Ave,-79.375437,43.707045,4,11
7333,King St E / Victoria St,-79.3762096,43.6495789,6,13
7058,Huron St / Harbord St,-79.400053,43.6637,14,5
7582,Alameda Ave / Vaughan Rd - SMART,-79.4375028,43.690903,8,8
7473,Adelaide St W / Strachan Ave,-79.41230469904167,43.643253094827294,2,12
7623,Royal York Rd / Lake Shore Blvd W,-79.4926867,43.6029904,5,14
7635,Runnymede Rd / Annette St,-79.4799176,43.6596299,2,13
7156,Salem Ave / Bloor St W,-79.43166666666667,43.6608333,9,6
7157,Dufferin St / Bloor St,-79.43583333333333,43.66083333333333,4,17
7539,Davisville Ave / Pailton Cres,-79.39199,43.69933,17,2
7581,High Park Ave / Dundas St W,-79.4701178,43.6653032,9,6
7637,Judson St / Royal York Rd,-79.4990363,43.6162721,11,8
7608,Wilket Creek Park,-79.355474,43.720645,6,21
7641,Annette St / Dundas St W,-79.4588522,43.6641174,6,9
7633,Noble St / Queen St W,-79.4296346,43.6424558,7,8
7643,Oriole Pkwy / Kilbarry Rd,-79.4026176,43.6954486,14,5
7644,East Lynn Ave / Danforth Ave,-79.3149901,43.6850809,3,12
7596,Langford Ave / Danforth Ave - SMART,-79.3405681,43.6800218,5,11
7645,University of Toronto Scarborough,-79.1849889,43.7842419,1,15
7291,190 Queens Quay E,-79.36536439999999,43.6451308,3,12
7492,324 Cherry St,-79.3552533,43.6482995,12,5
7647,Elm St/ University Ave (East Side),-79.38781039999999,43.65637299999999,14,3
7263,Walton St / Elizabeth St - SMART,-79.38631,43.657838,12,8
7616,Waterfront Trail (Rouge Hill),-79.131911,43.778015,5,13
7565,St Clair Ave W / Gunns Rd,-79.470171,43.672079,10,13
7348,Pape Ave / Gamble Ave,-79.350119,43.690237,11,8
7404,Roehampton Ave / Mount Pleasant Rd,-79.39139,43.70942,11,8
7034,Church St / Bloor St E,-79.382919,43.671389,1,14
7332,200 Bloor St E,-79.38117,43.671561,1,22
7276,Bloor St W / Balmuto St,-79.387802,43.669903,6,5
7595,Moore Park,-79.383238,43.693256,4,10
7654,Bloor St W / Pacific Ave,-79.4636388,43.65412449999999,2,5
7655,Danforth Ave / Dewhurst Blvd,-79.339243,43.680207,3,12
7656,Bloor St W / Brock Ave,-79.438715,43.6589882,5,6
7327,Davenport Rd / Dovercourt Rd - SMART,-79.4352208,43.6741219,6,10
7657,1 Market St - SMART,-79.3706665,43.6469928,12,7
7601,Brick Works,-79.36647,43.683884,17,8
7634,University Ave / Gerrard St W (WEST) - SMART,-79.3899265,43.6578449,16,2
7284,University Ave / King St W - SMART,-79.3847928,43.6477785,14,8
7659,Amroth Ave / Danforth Ave,-79.31168269999999,43.6856128,9,10
7133,Summerhill Station,-79.390556,43.681944,2,9
7571,Highfield Rd / Gerrard St E,-79.324961,43.671771,13,6
7046,Niagara St / Richmond St W,-79.409597,43.64534,15,11
7662,Beaty Ave / Queen St W,-79.4408141,43.6393107,3,16
7068,Blantyre Park,-79.279682,43.68306889999999,6,16
7258,Queen St E / Rushbrooke Ave,-79.3323698,43.6626628,8,7
7091,Donlands Station,-79.3373885,43.681114,5,10
7523,Lynn Williams St / East Liberty St - SMART,-79.4168659,43.638925,2,13
7487,Eastwood Rd / Woodbine Ave - SMART,-79.309395,43.676216,1,14
7406,Victoria St / Queen St E,-79.378208,43.652822,19,4
7660,285 Victoria St,-79.379625,43.656633,14,5
7504,Gerrard St E / Victoria Park Ave - SMART,-79.286864,43.686962,1,15
7663,Kilgour Rd / Rumsey Rd,-79.371914,43.718039,12,5
7127,Bay St / Scollard St,-79.39018,43.672152,4,11
7566,Weston Rd / St Clair Ave W - SMART,-79.467994,43.673019,16,3
7664,Sunnybrook Health Centre - L Wing,-79.37644,43.72268,7,8
7666,Dundas St W / St Helen Ave - SMART,-79.4407647,43.6504218,16,10
7642,Yonge St / St Clair Ave,-79.3940052,43.68850459999999,15,3
7416,Spadina Ave / Blue Jays Way,-79.393295,43.641705,16,15
7636,Bloor St W / Riverside Dr,-79.487583,43.647663,17,6
7668,Simcoe St / Dundas St W - SMART,-79.3894093,43.6558557,12,7
7665,Sunnybrook Health Centre - S Wing,-79.377456,43.720998,5,6
7670,Yonge St / Woburn Ave - SMART,-79.4032194,43.72814640000001,9,3
7039,Simcoe St / Michael Sweet Ave,-79.3882538196087,43.652327224103,4,15
7197,Queen St W / Dovercourt Rd,-79.4227573,43.6438602,5,3
7671,Yonge St / Montgomery Ave - SMART,-79.3996301,43.7093201,1,11
7658,Kings Mill Park,-79.49336334201408,43.64920406876699,18,8
7646,University Ave / Richmond St W,-79.3860211,43.6503935,21,4
7639,135 Queens Wharf  - SMART,-79.39940399999999,43.6399714,3,12
7519,406 Oakwood Ave,-79.43937767081853,43.68827060022711,11,8
7292,Granby St / Church St - SMART,-79.37894570000002,43.6614605,12,12
7605,Lumsden Ave / Eastdale Ave,-79.30058718775287,43.69413548199171,6,14
7625,Yonge St / Lawrence Ave,-79.40115449999999,43.7254665,2,21
7381,Yonge St / Orchard View Blvd,-79.39886200000001,43.7083577,12,23
7016,Bay St / Queens Quay W (Ferry Terminal),-79.376785,43.640978,17,4
7135,Hanna Ave / Liberty St,-79.4197107,43.63840090000001,11,4
7096,Lower Don River Trail and Taylor Creek Trail,-79.33368089999999,43.7027268,9,9
7604,St Columba Pl / St Clair Ave E,-79.310554,43.70567,4,14
7172,Strachan Ave / Princes' Blvd,-79.4088888888889,43.635,11,8
7104,King St E / River St,-79.35627385059036,43.656784782853144,5,6
7597,Yonge St / Golfdale Rd,-79.403637,43.732016,5,10
7648,909 Yonge St,-79.38849615969643,43.67515255542865,4,9
7117,640 Bloor Street E,-79.36701962396272,43.67468857448634,7,12
7676,York University (Glendon Campus) - SMART,-79.3814254607724,43.727365488246306,4,12
7677,1303 Yonge St - SMART,-79.39245919999999,43.6846177,2,13
7354,Tommy Thompson Park (Leslie Street Spit),-79.32088910859937,43.645835578756525,10,2
7678,York University Station (South) - SMART,-79.5002,43.77345,7,9
7429,Woodbine Subway Station,-79.313404,43.686442,2,13
7667,Spadina Ave / Sussex Ave - SMART,-79.40297869999999,43.66402799999999,13,21
7681,25 Booth Ave,-79.34105699999999,43.6544839,21,2
7382,Simcoe St / Adelaide St W,-79.38632,43.6481303,17,2
7022,Simcoe St / Queen St W,-79.3873,43.65049,21,16
7682,Bathurst St / Front St W,-79.4013882,43.64134790000001,13,14
7684,Bay St / Harbour St (East),-79.377,43.64215,9,13
7237,Ward Ave / Wallace Ave,-79.446444,43.663337,8,7
7322,E Liberty St / Western Battery Rd,-79.4115736,43.6392777,15,2
7685,King / Brant,-79.39744979999999,43.645102,19,3
7687,Bloor St W / Gladstone Ave - SMART,-79.4342726,43.6602021,5,5
7688,High Park Blvd / Parkside Dr,-79.45641169999999,43.644887,11,4
7689,20 Eaton,-79.34403250000001,43.680012,12,14
7211,Fort York Blvd / Garrison Rd,-79.406112,43.637381,9,5
7533,Housey St / Dan Leckie Way,-79.397877,43.63811,12,14
7675,1525 Dundas St W,-79.432446,43.64957,2,12
7683,Bay St / Harbour St (West),-79.378325,43.64191,10,5
7692,85 Lee Ave,-79.2971326,43.6700692,21,5
7693,Mutual St / Shuter St (Arena Gardens),-79.37558829999999,43.6559476,13,6
7695,Queen St E / Joseph Duggan Rd,-79.30811709999999,43.6677628,11,8
7696,Heyworth Cres / Kingston Rd,-79.3068697,43.6750806,9,10
7698,St Clair Ave W / Caledonia Rd,-79.4547813,43.6754247,4,9
7701,Roncesvalles Ave / Fermanagh Ave,-79.446895,43.6467433,2,17
7216,Wellington St W / Stafford St,-79.40966630000001,43.6409957,2,19
7702,111 Broadview Ave,-79.34993659999999,43.6593483,8,9
7691,Christie St / Dupont St,-79.421192,43.67168,13,6
7050,Richmond St E / Jarvis St Green P,-79.374222,43.652634,9,7
7037,Bathurst St / Dundas St W,-79.4060978,43.6519501,9,17
7703,Oak St / Sackville St,-79.3641171,43.6613642,10,9
7704,24 Mountjoy Ave,-79.3304491,43.6808774,4,15
7705,Colgate Ave / Carlaw Ave,-79.3413344,43.6623658,16,3
7706,Felstead Ave/Gillard Ave (Monarch Park),-79.3263159,43.6791345,9,18
7686,Lower Jarvis / The Esplanade,-79.3704721,43.6478206,12,3
7707,Coronation Park (Martin Goodman Trail),-79.40352209999999,43.635495,9,8
7708,101 Cedarvale Ave,-79.3110942,43.6868681,0,19
7699,St Clair Ave W / Oakwood Ave,-79.435364,43.678177,9,6
7709,Beltline Trail / Yonge St,-79.39504339999999,43.6962302,7,16
7627,Shaw St / Essex St - SMART,-79.425116,43.667076,2,13
7460,High Park Outdoor Pool,-79.465319,43.649217,18,8
7700,St Clair Ave W / Robina Ave,-79.43469,43.68005,10,5
7527,Joseph J Piccininni Community Centre,-79.4527619,43.675648,11,8
7710,11 Spadina Rd,-79.4041365,43.6677246,8,10
7001,Wellesley Station Green P,-79.38355031526893,43.66496415990742,9,15
7256,Vanauley St / Queen St W - SMART,-79.39838,43.648437,10,2
7042,Sherbourne St / Wellesley St E,-79.374,43.6673,10,20
7202,Queen St W / Bay St (City Hall),-79.38269509999999,43.6517925,19,4
7228,Queen St W / Roncesvalles Ave,-79.4423237,43.6372958,2,17
7711,Havelock St / Dewson St,-79.4302462,43.6554793,6,9
7650,St Clair West Subway Station - Heath Entrance,-79.415894,43.686352,9,13
7712,Queen St W / Shaw St,-79.41610440000001,43.6442457,14,5
7679,York University Station (North),-79.5005,43.7741,10,5
7640,Spadina Rd / St.Clair Ave West,-79.410657,43.683979,10,5
7260,Spadina Ave / Adelaide St W,-79.3953394,43.6472019,10,5
7099,Cherry St / Mill St,-79.35794659999999,43.6513927,6,9
7453,Jarvis St / Maitland Pl,-79.3772602,43.6647688,5,11
7713,Temperance St / Bay St,-79.381285,43.6506,6,9
7345,Cherry Beach Sports Field (55 Unwin Ave),-79.3429074,43.6408346,10,5
7728,Randolph Ave / Perth Ave,-79.4497659,43.6585504,16,3
7719,Wolseley St / Augusta Ave,-79.40051919999999,43.6484201,22,5
7715,Lumsden Ave / Cedarvale Ave,-79.314283,43.693187,4,7
7717,Niagara St / Portland St,-79.40011729999999,43.6425791,10,1
7716,Church St / The Esplanade,-79.3733192,43.6469251,10,9
7720,King St W / Portland St,-79.40065430000001,43.644395,7,5
7721,Widmer St / King St W,-79.391206,43.6463574,4,6
7724,Wellesley St E / Parliament St,-79.3702641,43.6682342,2,12
7725,Yonge St / Macpherson Ave,-79.39071899999999,43.6791876,1,13
7130,Davenport Rd / Bedford Rd,-79.398331,43.674446,10,5
7680,Princes' Blvd / Nunavut Rd,-79.4143057,43.6334636,18,1
7243,Exhibition GO Station,-79.4187711,43.6352007,9,5
7729,265 Armadale Ave,-79.48296909999999,43.6501644,13,18
7730,800 Fleet Street,-79.408832,43.636804,21,19
7548,St Joseph St / Bay St - SMART,-79.38761010000002,43.6658804,2,18
7731,Victoria Park Ave / Kingston Rd,-79.28357,43.68035,2,13
7505,Ontario St / Adelaide St E -SMART,-79.3667689,43.6535052,4,13
7738,Highview Ave / Kennedy Rd,-79.2563167072858,43.702418581463505,9,6
7732,Kingston Rd / Warden Ave,-79.27046628033244,43.68824135931814,6,7
7735,Birchcliff Ave / Kingston Rd,-79.265027,43.691688,5,10
7737,Kingston Rd / Glen Everest Rd,-79.25655146462776,43.697490048103,5,10
7736,Birchmount Rd / Kingston Rd,-79.26257204548136,43.69401297794256,3,12
7733,Pharmacy Ave / Danforth Ave,-79.28339980000001,43.6929478,6,9
7734,Danforth Ave / Warden Ave,-79.27180659999999,43.6950192,3,12
7743,Eglinton Ave W / Gilbert Ave,-79.4627536,43.69263249999999,5,14
7740,Sharpe St / Park St (Sandown Park),-79.2541175,43.7105975,6,9
7742,Eglinton Ave W / Prospect Cemetery,-79.45782580000001,43.69415,12,7
7251,The Royal Ontario Museum (Bloor St Entrance),-79.3946235999697,43.668500046272165,3,15
7746,Marlee Ave / York Beltline Trail,-79.44099,43.70163,6,13
7745,Bert Robinson Park,-79.460265,43.688028,9,6
7744,Rogers Rd / Prospect Cemetery,-79.455765,43.68323,8,15
7747,Eglinton Ave W / Ennerdale Rd,-79.45376999999999,43.69466,8,6
7094,Chester Station,-79.3513564,43.6784834,4,5
7748,Bloor St W / Old Mill Trl,-79.4963345,43.65016869999999,6,13
7749,Wendover Rd / Bloor St W (Green P),-79.50601999999999,43.6492,11,4
7750,Luttrell Ave / Danforth Ave,-79.2939525,43.6897656,3,12
7543,Bellevue Square Park,-79.4028245,43.6537513,10,7
7752,1926 Lake Shore Blvd W,-79.4674917,43.6357643,1,21
7751,Willingdon Blvd / Bloor St W (Green P),-79.51008,43.64839,10,5
7753,36 Park Lawn Rd,-79.4838132,43.62369169999999,12,3
7741,Howard Park Ave / Parkside Dr,-79.458111,43.648657,5,10
7025,Ted Rogers Way / Bloor St E,-79.380471,43.671293,11,12
7754,Walter Saunders Park,-79.4493630391668,43.699327072589426,6,9
7755,Park Lawn Rd / Berry Rd,-79.4934616,43.63560589999999,2,13
7756,Tobemory Dr / Finch Hydro Recreational Trail,-79.5114452,43.7611741,12,6
7758,Driftwood Ave / Finch Hydro Trail,-79.5162777,43.7603624,11,7
7760,Grand Avenue Park,-79.4918,43.62313,6,16
7759,The Pond Rd / Shoreham Dr,-79.511912,43.772445,4,11
7506,Berkeley St / Adelaide St E - SMART,-79.365023,43.653359,4,6
7739,Kingston Rd / Ridgemoor Ave,-79.25104443353288,43.70643614257429,6,5
7761,Moss Park,-79.370638,43.655972,11,3
7241,519 Church St,-79.381155,43.666874,6,6
7398,York St / Lake Shore Blvd W,-79.380723,43.641952,16,3
7718,St. Andrew's Playground Park,-79.399586,43.646552,5,6
7762,College St / Henry St ,-79.3947953,43.6591529,8,4
7521,Emerson Ave / Bloor St W,-79.440764,43.659055,2,21
7757,The Well,-79.39430137761319,43.643025055165865,14,2
7311,Sherbourne St / Isabella St,-79.375961,43.669576,9,10
1405,PBSC-K3Test,-79.3893,43.659491,1,0
7694,Victoria Park Ave / Dawes Rd,-79.29511,43.706466,7,12
